,name
0,3 Claveles
1,3C Pharma
2,3M
3,7th Heaven
5,A-DERMA
6,A-Lab
7,A.Vogel
8,Abatout
9,Actinica
10,AdaptivLab
11,Advantage
12,Advantix
13,Afterspa
14,Ahava
15,Airplus
16,Akileïne
17,Allga San
18,Alliance
19,Alodont
20,Aloesol
21,Alphanova
22,Alvadiem
23,Alvityl
24,Always
25,American Crew
26,Amilab
27,Anaca3
28,Andis
29,Anidev
30,AnnurKap
31,Antipodes
32,Apaisac Biorga
33,Apaisyl
34,AphtAvéa
35,Apologie
36,Apoticare
37,Aquasilice
38,Aquatabs
39,AquaTéal
40,Aragan
41,Ardell
42,Argaïa
43,Arganicare
44,Argel7
45,Argiletz
46,Arkopharma
47,Armencelle
48,Armonia
49,Arnican
50,Aromatica
51,Arterin
52,Arthrodont
53,As I Am
54,Aspivenin
55,Assanis
56,Assy 2000
57,Audispray
58,Audistimpharma
59,Aunéa
60,Avène
61,Avent
62,Avril
64,B.Tan
65,Baba Nutrition
66,Babybio
67,Babyliss PRO
68,Babysoin
69,Baccide
70,Bachca
71,Back Bar
72,Bailleul-Biorga
73,Balade en Provence
74,Ballot-Flurin
75,Barr
76,Barulab
77,Bauerfeind
78,Baume Royal de Thaïlande
79,Bausch + Lomb
80,Bayer Santé
81,Bblüv
82,BcomBIO
83,Béaba
84,Beaphar
85,Beau & Bio
86,BeauTerra
87,Bébisol
88,Belif
89,Bella Aurora
90,Belle & Bio
91,Belloc
92,Benecos
93,Benton
94,Bepanthen
95,Berdoues
96,Berocca
97,Better Toothbrush
98,Bi-Oil
99,Bio-ethic
100,Bio-Taches
101,Bio4you
102,Biocanina
103,Biocodex
104,Biocyte
105,Bioderma
106,Bioearth
107,Biofloral
108,Biofreeze
109,BioGaia
110,BioGenya
111,Biokap
112,Biolane
113,Bion 3
114,Biopousse
115,Bioregena
116,Biorène
117,Biosalines
118,Biosana
119,Biosecure
120,Biostime
121,Biostop
122,Biosynex
123,Biotechnie
124,Biotherm
125,Biotherm Homme
126,Bioveillance
127,Biovie
128,Biovive
129,Bioxydiet
130,Blédina
131,Blox
132,Bluediag
133,Bodyguard
134,Boho Green Make-up
135,Boiron
136,Botot
137,Bouclème
138,Braun
139,Brushworks
140,BT Cosmetics
141,Buccotherm
142,Bum diapers
143,Burt's Bees
145,CA Diffusion
146,Cadum
147,Calindoo
148,Calmisto
149,Calmorrhoïde
150,Calmosine
151,Calysia
152,Camon
153,Canderel
154,Canys
155,Cap Cosmetics
156,Capricare
157,Carmex
158,Carryboo
159,Cartel Paris
160,Cassandra
161,Cattier
162,Caudalie
163,Cavaillès
164,CB12
165,Celliflore
166,Centifolia
167,Centrum
168,CeraVe
169,Cerecare
170,Ceva
171,Chicco
172,Christophe Robin
173,CicaBiafine
174,CicaManuka
175,Cinq sur Cinq
176,Citrosil
177,Clariver
178,Claude Galien
179,Clearblue
180,Clément Thékan
181,Clinique
182,Clinomyn
183,Coalgan
184,Cocosolis
185,Codexial
186,Colgate
187,Collagen Lift
188,Collagena
189,Collines de Provence
190,Collosol
191,Color Pop
192,Color Wow
193,Colpropur
194,Comodynes
195,Compeed
196,Comptoir des Huiles
197,Cooper
198,Corioliss
199,Coslys
200,Cosrx
201,Cotocouche
202,Cottony
203,Coup d'Éclat
204,Covermark
205,Crazy Color
206,Crazy Rumors
207,Creme of Nature
208,Crinex
209,Cryopharma
210,Cultiv
211,Curasept
212,Curl Hibiscus
214,D'Âme Nature
215,Dacryo
216,Daily Concepts
217,Darphin
218,Daylong
219,dBb Remond
220,Dear Doer
221,Dechra
222,Delarom
223,Demak'Up
224,Denman
225,Densmore
226,Dentaid
227,Dentavie
228,Denti Smile
229,Déramp
230,Dermagor
231,Dermophil Indien
232,Désinfectis
233,Dessange
234,Dexsil
235,DHC
236,Diet World
237,Difrax
238,DIM
239,Dodie
240,Dolicare Skin
241,Dolpic
242,Douce Nature
243,Douce Nuit
244,Doudou et Compagnie
245,Dove
246,Dr Bronner's
247,Dr Niedermaier
248,Dr Pierre Ricaud
249,Dr. Theiss
250,Ducastel Pro
251,Ducray
252,Dukan
253,DUO LP-PRO
254,Durex
256,EA Pharma
257,Eafit
258,Earlooping
259,Earth Rated
260,Easy Pouss
261,Eau de Mélisse
262,Eau de Nice
263,Eau Précieuse
264,Eau Thermale Jonzac
265,Ecoforia
266,Ecoloé
267,Ecrinal
268,Eden Gen
269,Effik
270,Egyptian Magic
271,Elancyl
272,Elastoplast
273,Elcéa
274,Elgydium
275,Élhée
276,Elison
277,Elixirs & Co
278,Elizabeth Arden
279,Elmex
280,Embryolisse
281,Emtrix
282,Energie Fruit
283,Epitact
284,Epycure
285,Erborian
286,Eric Favre
287,Ernst Richter's
288,Eroxon
289,Esprit Bio
290,Essity
291,Estigreen
292,Estipharm
293,Etat Pur
294,Etiaxil
295,Eucerin
296,Eugène Color
297,Eugène Perma
298,Eutra
299,Evian
300,EVO
301,Excilor
302,Exopharm
303,Eye Care
304,Eyes
306,Faith In Nature
307,Farma Bijoux
308,FarmaVita
309,Femannose
310,Femibion
311,Ferrotone
312,Feverflash
313,Feverscan
314,Filarmonica
315,Filorga
316,Finger Bob
317,Fittydent
318,Fixodent
319,Flamant Vert
320,Flamingo
321,Fleurance Nature
322,Fleurs de Bach Original
323,Flexitol
324,Florame
325,Floressance
326,Florêve
327,Fluocaril
328,Foamie
329,Forté Pharma
330,Foucaud
331,Franck Provost
332,FRANPROTEC
333,French Pharma
334,Frontline
335,FUN!ETHIC
337,G9 Skin
338,Ga.Ma
339,Galderma
340,Galénic
341,Gallia
342,Gamarde
343,Gamma Piu
344,Garancia
345,Garnier
346,GAVIDigest
347,Gel d'Alun
348,Generik
349,Gerimax
350,Geske
351,Gibaud
352,Gifrer
353,Gilbert
354,Gillette
355,Ginkor
356,Glamy
357,Good Goût
358,Gosh Copenhagen
359,Grace Cole Homme
360,Granions
361,Green Tribu
362,Greenleaf
363,Guigoz
364,GUM
365,Gynedex
367,H.D.N.C
368,Haan
369,Hada Labo Tokyo
370,Haircut
371,Haribo
372,Hartmann
373,Hawaiian Tropic
374,HD Lifestyle
375,Healse
376,Healthcare
377,Hei Poa
378,Hennedrog
379,HerbalGem
380,Herbatint
381,Herbesan
382,Herbio
383,Hermès Edulcorants
384,Hero
385,Hexaphyto
386,Hill's
387,Hip
388,HiPP
389,Holinutria
390,HRA Pharma
391,Humer
392,Hyalugel
393,Hydralin
394,Hydratis
395,Hydrolarm
396,Hyfac
398,I Love Bio
399,ialugen Advance
400,Iana
401,IBSA
402,ICE Professional
403,Imedeen
404,Imiza
405,Imparfaite
406,Inava
407,Incarose
408,Innovatouch
409,Innoxa
410,Inostime
411,Insect Ecran
412,Institut Esthederm
413,Intimy
414,Inuwet
415,Invogue
416,Ioma
417,Iroha Nature
418,Irréversible
419,Isdin
420,Isoxan
421,IT Cosmetics
422,Item Dermatologie
424,Jacadi
425,Jaïlys
426,Jaldes
427,Jeanne Arthes
428,Jeanne en Provence
429,Jolen
430,Joone
431,Jordan
432,Jouvence
433,Jowaé
434,Junior-angin
435,Juvaflorine
436,Juvamine
438,Kal
439,Karbon 9
440,Karlie
441,Keracare
442,Kéranove
443,Kéranove Naturanove
444,Kids Para
445,Kijimea
446,Klairs
447,Klorane
448,Kneipp
449,Korres
450,Kreogen
451,Kuster
453,L'Action Paris
454,L'Herbôthicaire
455,L'Oréal Paris
456,La Chênaie
457,La Corvette
458,La Coucouche Française
459,La Pépite Verte
460,La Provençale Bio
461,La Roche-Posay
462,La Rosée
463,La Sultane de Saba
464,Labello
465,Labo Intex-Tonic
466,Labophyto
467,Laboratoire ACM
468,Laboratoire CCD
469,Laboratoire de la Mer
470,Laboratoire du Gomenol
471,Laboratoire du Haut-Ségala
472,Laboratoire Immubio
473,Laboratoire Innoxa
474,Laboratoire Leurquin Mediolanum
475,Laboratoire Novomedis
476,Laboratoire Source Origine
477,Laboratoires de Biarritz
478,Laboratoires Élerté
479,Laboratoires Fumouze
480,Laboratoires Genevrier
481,Laboratoires IPRAD
482,Laboratoires Jolly Jatel
483,Laboratoires Lehning
484,Laboratoires Quinton
485,Laboratoires Vendôme
486,laCabine
487,Lactacyd
488,Ladrôme
489,Lady Green
490,Laino
491,Lamazuna
492,Lancaster
493,Langloys
494,Lansinoh
495,Lashilé Beauty
496,Laurence Dumont Institut
497,Lazartigue
498,LBS Médical
499,LCA
500,Le Comptoir Aroma
501,Le Comptoir des Tendances
502,Le Comptoir du Bain
503,Le Mini Macaron
504,Le Négri
505,Le Petit Marseillais
506,Le Petit Olivier
507,Le Rouge Français
508,Léa Nature SO BIO étic
509,Leaders
510,Leaf Care
511,Lelo
512,Léro
513,Les 3 Chênes
514,Les Anis de Flavigny
515,Les Artistes Paris
516,Les couleurs de Jeanne
517,Les Déglingos
518,Les Petites Choses
519,Les Petits Bains de Provence
520,Les Poulettes Paris
521,Les Préparations de l'Apothicaire
522,Les Secrets de Loly
523,Les Secrets de Louise
524,Les Tendances d'Emma
525,LHBEAUTY
526,Libérill
527,Licetec V-Comb
528,Lierac
529,Liniderm
530,Lissa'Ô
531,Listerine
532,LLR-G5
533,Lothantique
534,Lotus
535,Loua
536,Lov'FROG
537,Love & Green
538,Lovea
539,Luc et Léa
540,Lutescens
541,Lutsine
542,Luxéol
543,Lytess
545,M2 BEAUTÉ
546,Ma Petite Bouillotte
547,Machouyou
548,Madame la Présidente
549,Mádara
550,MADE with CARE
551,Mag 2
552,Magister
553,Magnien
554,Maison Berthe Guilhem
555,MAM
556,Manetik
557,Manix
558,Manouka
559,Marcus Rohrer
560,Marie Rose
561,Marilou Bio
562,Marimer
563,Mavala
564,Maybelline New York
565,Mayoly Spindler
566,Medela
567,Médi-Santé
568,Medical Jewels
569,Médiflor
570,Meisani
571,Melvita
572,MÊME
573,Mennen
574,Merci Handy
575,Mercurochrome
576,Meridol
577,Mezzo
578,Microlife
579,Micropur
580,Mig Spray
581,Miguhara
582,MiiN Cosmetics
583,Milical
584,Milton
585,Minima[liste]
586,Mint-e
587,Misencil
588,Mitosyl
589,Mium Lab
590,Mixa
591,Mizon
592,MKL Green Nature
593,Modilac
594,Möller's
595,Mom's Shells
596,Mon Shampoing
597,Moustifluid
598,Mucogyne
599,Musc Intime
600,Mustela
601,My Lubie
602,Mylan
603,Myleuca
605,N2 Natural Nutrition
606,Nailner
607,Nanogen
608,Narta
609,Nasanita
610,Nat&Nove Bio
611,Natessance
612,Natorigin
613,Natuku Minerals
614,Natura Siberica
615,Natura Square
616,Naturactive
617,Nature & Senteurs
618,Nature Attitude
619,Naturé Moi
620,Natures Plus
621,NatureSun Aroms
622,Naturland
623,NeoStrata
624,Neqi
625,Nestlé
626,Netline
627,Nett
628,Neutraderm
629,Neutrogena
630,New Nordic
631,NHCO
632,Nildor
633,Nivea
634,Nobacter
635,Noia Haircare
636,Nonna Lab
637,Noreva
638,Nova Boost
639,Novalac
640,Novax Pharma
641,Novexpert
642,Novodex
643,Novoma
644,NU E
645,Nubiance
646,Nuitol
647,Nuizz
648,NUK
649,Nunki
650,NuPure
651,Nuska
652,Nutergia
653,Nutreov
654,Nutri&Co
655,Nutriveggies
656,Nutrivie
657,Nuviline
658,Nuxe
660,O'Barber
661,O.P.I
662,Oemine
663,Oenobiol
664,Ogx
665,Olaplex
666,Oligocean
667,Oligogum
668,Olioseptil
669,OM3
670,OMA & ME
671,Omaïdo
672,Omega Pharma
673,Omri
674,Omron
675,Omum
676,Onagrine
677,Ondo Beauty 36.5
678,One Thing
679,OPI
680,OptiFibre
681,Optinooz
682,Or & Argan
683,Oral-B
684,Orgakiddy
685,Organic Shop
686,Organyc
687,Orlane
688,Orthonat
689,Ortis
690,Ortodont
691,Osalia
692,Osato
693,Osma Laboratoires
694,Osmaé
695,Otosan
696,Ouate
697,Overstims
698,Owari
699,Oxyscan
701,P.O.P
702,Pampers
703,PaperMints
704,Papier d'Arménie
705,Parakito
706,Paranix
707,Parasidose
708,Parazap
709,Parisax Pro
710,Parlux
711,Parodontax
712,Parogencyl
713,Pascal Coste
714,Pasta del Capitano
715,Pastille Vichy
716,Patrice Mulato
717,PATYKA
718,Paul Mitchell
719,Payot
720,PediAct
721,Pedimed
722,Pétrole Hahn
723,Pets Rock
724,Pharm Nature
725,PharmaGem
726,Pharmatoka
727,Pharmavoyage
728,PharmUp
729,Philips
730,Physiodose
731,Physiogel
732,Physiolac
733,Physiomer
734,Phyt's
735,Phytalessence
736,Phytaromasol
737,Phytema
738,Phyto
739,Phyto Secret Pro
740,Phyto-Actif
741,Phyto3000
742,Phytoceutic
743,Phytocosmo
744,Phytoresearch
745,Phytospecific
746,Phytosun Arôms
747,Pierre Fabre Health Care
748,Pierre Fabre Oral Care
749,Pilbox
750,Pimélia
751,Pin Up Secret
752,Placentor Végétal
753,Plic
754,Poderm
755,Pohl Boskamp
756,Polident Corega
757,Pomponne
758,Popote
759,Poupina
760,Pouxit
761,Powerscan
762,Praesana
763,Pranarôm
764,Prim'Soins
765,Profusion Cosmetics
766,Promex
767,Proraso
768,ProRhinel
769,Prostamol
770,Puissante
771,Pukka
772,Pulmoll
773,Pulpe de Vie
774,Punch Power
775,Pur Aloé
776,Purasana
777,Pure Via
778,Puressentiel
779,Purina
780,PuroBIO Cosmetics
782,Qiriness
783,Quies
784,Quintesens
786,Rap
787,Rapid White
788,Rated Green
789,Recettes d'Antan
790,Redon
791,RefectoCil
792,Regenerate
793,René Furterer
794,Renée Blanche
795,Rescue
796,Respectueuse
797,Respire
798,Revamil
799,Revlon
800,Revlon Maquillage
801,Revlon Professional
802,Rhinicur
803,Rhino Horn
804,Richelet
805,Ricola
806,Ricqlès
807,Rivadouce
808,RoC
809,Rodolphe & Co
810,Roger & Gallet
811,Rolling Hills
812,RoseBaie
813,ROSEGOLD Paris
814,Rougj
815,Royal Canin
817,S.I.D Nutrition
818,Saforelle
819,Sagyène
820,Saint-Bernard
821,Saltrain
822,Salvequick
823,Salvia Nutrition
824,Sambucol
825,Sänger
826,Sanodiane
827,Sanofi
828,Sanoflore
829,Sanogyl
830,Santarome
831,Santé Verte
832,Saugella
833,Savonnerie de Beaulieu
834,Schmidt's
835,Scholl
836,Schoum
837,Sea Band
838,Seban
839,Sebastian
840,Secret Intime
841,Secrets de Provence
842,Secrets des Fées
843,SeeLooping
844,Sensodyne
845,Sereaum
846,Sérélys
847,Seresto
848,SheaMoisture
849,Si+
850,Silagic
851,Simply Bio
852,Sinomarin
853,SkinCeuticals
854,Skyn
855,Snails
856,Soframar
857,Solaray
858,Soleil des îles
859,Soleil Noir
860,Solens
861,Solgar
862,Solinotes
863,Somatoline Cosmetic
864,Sophie la Girafe
865,Sowé
866,Spengler-Holtex
867,Steambase
868,Stentil
869,Stérimar
870,Stiefel
871,Stimcare
872,Suavinex
873,Sucrettes
874,Sugarbearhair
875,Suncoat
876,Suncoatgirl
877,Superdiet
878,Superwhite
879,Supradyn
880,Surosolve
881,SVR
882,Synergia
883,SyntholKiné
885,T.Leclerc
886,Tadé
887,Taïdo
888,Take Care
889,Talika
890,Tampax
891,Tangle Teezer
892,TargEDys
893,Technic
894,TENSIOSCAN
895,Teñzor
896,TePe
897,Terre de Couleur
898,Tgr Vélecta Paramount
899,The Breath Co
900,The Humble Co.
901,The Skin Pharmacist
902,Théa
903,TheraPearl
904,ThermaCare
905,Thermcool
906,Thermhot
907,Thermix
908,ThermoRelax
909,Thés de la Pagode
910,Thuasne
911,Tiger Balm
912,Tilman
913,Tommee Tippee
914,Toosty
915,Topicrem
916,Toppik
917,Torm
918,Tranquilléo
919,TVM
920,Twistshake
922,Uberti
923,Unique
924,UPSA
925,Urban Keratin
926,Urgo
927,Uriage
929,Valda
930,Valdispert
931,Valdispharm
932,Vania
933,Vaseline
934,Veet
935,Venimex
936,Vétobiol
937,Vetoform
938,Vetoquinol
939,Viatris
940,VIBTIL
941,Vichy
942,Vicks
943,Virbac
944,Visiomed
945,VISUfarma
946,Vita Citral
947,Vitaflor
948,Vital Proteins
949,Vitalens
950,Vitalp
951,Vitamaze
952,Vitascorbol
953,Vitavea
954,Vitry
955,Vog Protect
956,VoltActive
957,VoltaNatura
959,Waam
960,Wahl
961,Waterdrop
962,Waterwipes
963,Weleda
964,Wella
965,Wet Brush
966,Whamisa
967,Wild
968,Wilkinson
970,XLS
971,XyliMelts
973,Ymea
974,Yoba
975,Yogi Tea
977,Zarbeil
978,Zeiss
979,ZzzQuil
